{
  "lastEdit": "2023-09-19T17:44:29.7594812Z",
  "categories": [
    {
      "categoryName": "Raids",
      "markers":[
        {
          "author":"Soeed",
          "name": "Sabetha",
          "description": "Cannon platforms",
          "mapId": 1062,
          "trigger": {
            "x": -78.40887,
            "y": 133.5607,
            "z": 70.977
          },
          "markers": [
            {
              "i": 1,
              "d": "#1",
              "x": -132.6262,
              "y": 56.29699,
              "z": 62.96119
            },
            {
              "i": 2,
              "d": "#2",
              "x": -157.7033,
              "y": 87.01214,
              "z": 62.27411
            },
            {
              "i": 3,
              "d": "#3",
              "x": -126.95,
              "y": 111.8531,
              "z": 62.94498
            },
            {
              "i": 4,
              "d": "#4",
              "x": -101.9202,
              "y": 81.18908,
              "z": 63.03901
            }
          ]
        }
      ]
    }
  ]
}